rejuveraclinics.com/من-نحن/,https://rejuvera.sa/about,301,TRUE,TRUE,FALSE,FALSE
rejuveraclinics.com/انصل-بنا/,https://rejuvera.sa/contact,301,TRUE,TRUE,FALSE,FALSE
rejuveraclinics.com/booking/,https://rejuvera.sa/contact,301,TRUE,TRUE,FALSE,FALSE
rejuveraclinics.com/خدماتنا/,https://rejuvera.sa/services,301,TRUE,TRUE,FALSE,FALSE
rejuveraclinics.com/جراحة-التجميل/,https://rejuvera.sa/p/plastic-surgery-riyadh,301,TRUE,TRUE,FALSE,FALSE
rejuveraclinics.com/التجميل-النسائي/,https://rejuvera.sa/services/female-aesthetic-care,301,TRUE,TRUE,FALSE,FALSE
rejuveraclinics.com/تجميل-نسائي-t/,https://rejuvera.sa/services/female-aesthetic-care,301,TRUE,TRUE,FALSE,FALSE
rejuveraclinics.com/ليزر-ازله-الشعر/,https://rejuvera.sa/services/laser-hair-removal,301,TRUE,TRUE,FALSE,FALSE
rejuveraclinics.com/شد-الوجه-بالرياض/,https://rejuvera.sa/services/face-neck-lift,301,TRUE,TRUE,FALSE,FALSE
rejuveraclinics.com/شد-الوجه-بالرياض-g/,https://rejuvera.sa/services/face-neck-lift,301,TRUE,TRUE,FALSE,FALSE
rejuveraclinics.com/شد-الوجه-في-الرياض/,https://rejuvera.sa/services/face-neck-lift,301,TRUE,TRUE,FALSE,FALSE
rejuveraclinics.com/شد-الوجه-في-الرياض-t/,https://rejuvera.sa/services/face-neck-lift,301,TRUE,TRUE,FALSE,FALSE
rejuveraclinics.com/عمليات-شد-الوجه/,https://rejuvera.sa/services/face-neck-lift,301,TRUE,TRUE,FALSE,FALSE
rejuveraclinics.com/عملية-شد-الترهلات/,https://rejuvera.sa/services/sagging-skin-tightening-surgery,301,TRUE,TRUE,FALSE,FALSE
rejuveraclinics.com/عمليات-شد-البطن/,https://rejuvera.sa/services/tummy-tuck,301,TRUE,TRUE,FALSE,FALSE
rejuveraclinics.com/عمليات-شد-الفخذين/,https://rejuvera.sa/services/thigh-lift,301,TRUE,TRUE,FALSE,FALSE
rejuveraclinics.com/عملية-شفط-وشد-الذراعين/,https://rejuvera.sa/services/arm-lift,301,TRUE,TRUE,FALSE,FALSE
rejuveraclinics.com/عمليات-شد-الجفن/,https://rejuvera.sa/services/upper-lower-eyelid-surgery,301,TRUE,TRUE,FALSE,FALSE
rejuveraclinics.com/عمليات-تجميل-الأنف/,https://rejuvera.sa/services/rhinoplasty,301,TRUE,TRUE,FALSE,FALSE
rejuveraclinics.com/عملية-تجميل-الانف-t/,https://rejuvera.sa/services/rhinoplasty,301,TRUE,TRUE,FALSE,FALSE
rejuveraclinics.com/عمليات-شد-الثدي/,https://rejuvera.sa/services/breast-lift,301,TRUE,TRUE,FALSE,FALSE
rejuveraclinics.com/جراحة-شد-الصدر-3/,https://rejuvera.sa/services/breast-lift,301,TRUE,TRUE,FALSE,FALSE
rejuveraclinics.com/عمليات-التثدي/,https://rejuvera.sa/services/gynecomastia-surgery,301,TRUE,TRUE,FALSE,FALSE
rejuveraclinics.com/عمليات-التثدي-عند-الرجال-t/,https://rejuvera.sa/services/gynecomastia-surgery,301,TRUE,TRUE,FALSE,FALSE
rejuveraclinics.com/حقن-الفيلر/,https://rejuvera.sa/services/dermal-fillers,301,TRUE,TRUE,FALSE,FALSE
rejuveraclinics.com/البوتوكس-botox/,https://rejuvera.sa/services/botox,301,TRUE,TRUE,FALSE,FALSE
rejuveraclinics.com/الأجهزة/,https://rejuvera.sa/devices,301,TRUE,FALSE,TRUE,FALSE
rejuveraclinics.com/حجزموعد/,https://rejuvera.sa/contact,301,TRUE,FALSE,TRUE,FALSE
rejuveraclinics.com/حجز-موعد-1/,https://rejuvera.sa/contact,301,TRUE,FALSE,TRUE,FALSE
rejuveraclinics.com/حقن-النضارة-في-الوجه/,https://rejuvera.sa/services/skin-rejuvenation,301,TRUE,FALSE,TRUE,FALSE
rejuveraclinics.com/شد-ورفع-الأرداف-البرازيلي/,https://rejuvera.sa/services/brazilian-butt-lift,301,TRUE,FALSE,TRUE,FALSE
rejuveraclinics.com/عمليات-تكبير-الثدي/,https://rejuvera.sa/services/breast-augmentation-reshaping,301,TRUE,FALSE,TRUE,FALSE
rejuveraclinics.com/عمليات-شد-الذراعين/,https://rejuvera.sa/services/arm-lift,301,TRUE,FALSE,TRUE,FALSE
rejuveraclinics.com/عمليات-شفط-الدهون-باستخدام-جهاز-الفيز/,https://rejuvera.sa/services/liposuction,301,TRUE,FALSE,TRUE,FALSE
rejuveraclinics.com/عمليات-نحت-الجسم-360-body-contouring/,https://rejuvera.sa/services/body-contouring,301,TRUE,FALSE,TRUE,FALSE
rejuveraclinics.com/ليزر-ازلة-الشعر/,https://rejuvera.sa/services/laser-hair-removal,301,TRUE,FALSE,TRUE,FALSE
rejuveraclinics.com/,https://rejuvera.sa/,301,TRUE,TRUE,TRUE,TRUE
