rejuveraclinics.com/الأجهزة/,https://rejuvera.sa/devices,301,TRUE,FALSE,TRUE,FALSE
rejuveraclinics.com/حجزموعد/,https://rejuvera.sa/contact,301,TRUE,FALSE,TRUE,FALSE
rejuveraclinics.com/حجز-موعد-1/,https://rejuvera.sa/contact,301,TRUE,FALSE,TRUE,FALSE
rejuveraclinics.com/حقن-النضارة-في-الوجه/,https://rejuvera.sa/services/skin-rejuvenation,301,TRUE,FALSE,TRUE,FALSE
rejuveraclinics.com/شد-ورفع-الأرداف-البرازيلي/,https://rejuvera.sa/services/brazilian-butt-lift,301,TRUE,FALSE,TRUE,FALSE
rejuveraclinics.com/عمليات-تكبير-الثدي/,https://rejuvera.sa/services/breast-augmentation-reshaping,301,TRUE,FALSE,TRUE,FALSE
rejuveraclinics.com/عمليات-شد-الذراعين/,https://rejuvera.sa/services/arm-lift,301,TRUE,FALSE,TRUE,FALSE
rejuveraclinics.com/عمليات-شفط-الدهون-باستخدام-جهاز-الفيز/,https://rejuvera.sa/services/liposuction,301,TRUE,FALSE,TRUE,FALSE
rejuveraclinics.com/عمليات-نحت-الجسم-360-body-contouring/,https://rejuvera.sa/services/body-contouring,301,TRUE,FALSE,TRUE,FALSE
rejuveraclinics.com/ليزر-ازلة-الشعر/,https://rejuvera.sa/services/laser-hair-removal,301,TRUE,FALSE,TRUE,FALSE
