current_url,canonical_url,http_status,indexable,action
https://rejuvera.sa/,https://rejuvera.sa,200,yes,"KEEP (canonical, no change)"
https://rejuvera.sa/about,https://rejuvera.sa/about,200,yes,"KEEP (canonical, no change)"
https://rejuvera.sa/contact,https://rejuvera.sa/contact,200,yes,"KEEP (canonical, no change)"
https://rejuvera.sa/devices,https://rejuvera.sa/devices,200,yes,"KEEP (canonical, no change)"
https://rejuvera.sa/doctors,https://rejuvera.sa/doctors,200,yes,"KEEP (canonical, no change)"
https://rejuvera.sa/doctors/ahmed-eldesouki,https://rejuvera.sa/doctors/ahmed-eldesouki,200,yes,"KEEP (canonical, no change)"
https://rejuvera.sa/doctors/bandar-alharthi,https://rejuvera.sa/doctors/bandar-alharthi,200,yes,"KEEP (canonical, no change)"
https://rejuvera.sa/doctors/dr-bayan-al-banna,https://rejuvera.sa/doctors/dr-bayan-al-banna,200,yes,"KEEP (canonical, no change)"
https://rejuvera.sa/doctors/dr-eid-ali-gomaa,https://rejuvera.sa/doctors/dr-eid-ali-gomaa,200,yes,"KEEP (canonical, no change)"
https://rejuvera.sa/doctors/falwah-aljanoubi,https://rejuvera.sa/doctors/falwah-aljanoubi,200,yes,"KEEP (canonical, no change)"
https://rejuvera.sa/doctors/karima-jamjoom,https://rejuvera.sa/doctors/karima-jamjoom,200,yes,"KEEP (canonical, no change)"
https://rejuvera.sa/doctors/loai-alsalmi,https://rejuvera.sa/doctors/loai-alsalmi,200,yes,"KEEP (canonical, no change)"
https://rejuvera.sa/doctors/maher-alahdab,https://rejuvera.sa/doctors/maher-alahdab,200,yes,"KEEP (canonical, no change)"
https://rejuvera.sa/doctors/najwa-batarfi,https://rejuvera.sa/doctors/najwa-batarfi,200,yes,"KEEP (canonical, no change)"
https://rejuvera.sa/doctors/natali-domloj,https://rejuvera.sa/doctors/natali-domloj,200,yes,"KEEP (canonical, no change)"
https://rejuvera.sa/doctors/sabah-alrashid,https://rejuvera.sa/doctors/sabah-alrashid,200,yes,"KEEP (canonical, no change)"
https://rejuvera.sa/doctors/saham-arfaj,https://rejuvera.sa/doctors/saham-arfaj,200,yes,"KEEP (canonical, no change)"
https://rejuvera.sa/gallery,https://rejuvera.sa/gallery,200,yes,"KEEP (canonical, no change)"
https://rejuvera.sa/journal,https://rejuvera.sa/journal,200,yes,"KEEP (canonical, no change)"
https://rejuvera.sa/journal/aesthetic-surgery-planning-riyadh,https://rejuvera.sa/journal/aesthetic-surgery-planning-riyadh,200,yes,"KEEP (canonical, no change)"
https://rejuvera.sa/journal/body-contouring-after-weight-loss,https://rejuvera.sa/journal/body-contouring-after-weight-loss,200,yes,"KEEP (canonical, no change)"
https://rejuvera.sa/journal/body-contouring-realistic-expectations,https://rejuvera.sa/journal/body-contouring-realistic-expectations,200,yes,"KEEP (canonical, no change)"
https://rejuvera.sa/journal/breast-augmentation-size-riyadh,https://rejuvera.sa/journal/breast-augmentation-size-riyadh,200,yes,"KEEP (canonical, no change)"
https://rejuvera.sa/journal/choose-plastic-surgeon-riyadh,https://rejuvera.sa/journal/choose-plastic-surgeon-riyadh,200,yes,"KEEP (canonical, no change)"
https://rejuvera.sa/journal/choosing-aesthetic-doctor-riyadh,https://rejuvera.sa/journal/choosing-aesthetic-doctor-riyadh,200,yes,"KEEP (canonical, no change)"
https://rejuvera.sa/journal/dr-eman-alzahrani-joins-rejuvera,https://rejuvera.sa/journal/dr-eman-alzahrani-joins-rejuvera,200,yes,"KEEP (canonical, no change)"
https://rejuvera.sa/journal/dr-loai-alsalmi-natural-balanced-aesthetic-results,https://rejuvera.sa/journal/dr-loai-alsalmi-natural-balanced-aesthetic-results,200,yes,"KEEP (canonical, no change)"
https://rejuvera.sa/journal/early-face-sagging-causes-treatment,https://rejuvera.sa/journal/early-face-sagging-causes-treatment,200,yes,"KEEP (canonical, no change)"
https://rejuvera.sa/journal/face-neck-lift-threads-fillers,https://rejuvera.sa/journal/face-neck-lift-threads-fillers,200,yes,"KEEP (canonical, no change)"
https://rejuvera.sa/journal/facelift-body-contouring-results-recovery,https://rejuvera.sa/journal/facelift-body-contouring-results-recovery,200,yes,"KEEP (canonical, no change)"
https://rejuvera.sa/journal/injectables-trust-framework,https://rejuvera.sa/journal/injectables-trust-framework,200,yes,"KEEP (canonical, no change)"
https://rejuvera.sa/journal/laser-readiness-checklist,https://rejuvera.sa/journal/laser-readiness-checklist,200,yes,"KEEP (canonical, no change)"
https://rejuvera.sa/journal/liposuction-vs-body-contouring,https://rejuvera.sa/journal/liposuction-vs-body-contouring,200,yes,"KEEP (canonical, no change)"
https://rejuvera.sa/journal/prepare-for-aesthetic-consultation,https://rejuvera.sa/journal/prepare-for-aesthetic-consultation,200,yes,"KEEP (canonical, no change)"
https://rejuvera.sa/journal/prp-hair-skin-before-treatment,https://rejuvera.sa/journal/prp-hair-skin-before-treatment,200,yes,"KEEP (canonical, no change)"
https://rejuvera.sa/journal/questions-before-aesthetic-surgery,https://rejuvera.sa/journal/questions-before-aesthetic-surgery,200,yes,"KEEP (canonical, no change)"
https://rejuvera.sa/journal/rhinoplasty-face-balance,https://rejuvera.sa/journal/rhinoplasty-face-balance,200,yes,"KEEP (canonical, no change)"
https://rejuvera.sa/journal/skin-renewal-timing,https://rejuvera.sa/journal/skin-renewal-timing,200,yes,"KEEP (canonical, no change)"
https://rejuvera.sa/journal/skin-tightening-options-guide,https://rejuvera.sa/journal/skin-tightening-options-guide,200,yes,"KEEP (canonical, no change)"
https://rejuvera.sa/journal/tummy-tuck-after-pregnancy-weight-loss,https://rejuvera.sa/journal/tummy-tuck-after-pregnancy-weight-loss,200,yes,"KEEP (canonical, no change)"
https://rejuvera.sa/p/body-contouring-riyadh,https://rejuvera.sa/p/body-contouring-riyadh,200,yes,"KEEP (canonical, no change)"
https://rejuvera.sa/p/body-pro,https://rejuvera.sa/p/body-pro,200,yes,"KEEP (canonical, no change)"
https://rejuvera.sa/p/breast-surgery-riyadh,https://rejuvera.sa/p/breast-surgery-riyadh,200,yes,"KEEP (canonical, no change)"
https://rejuvera.sa/p/derma-offers,https://rejuvera.sa/p/derma-offers,200,yes,"KEEP (canonical, no change)"
https://rejuvera.sa/p/dr-eman-alzahrani,https://rejuvera.sa/p/dr-eman-alzahrani,200,yes,"KEEP (canonical, no change)"
https://rejuvera.sa/p/dr-maher-alahdab,https://rejuvera.sa/p/dr-maher-alahdab,200,yes,"KEEP (canonical, no change)"
https://rejuvera.sa/p/eid-offers,https://rejuvera.sa/p/eid-offers,200,yes,"KEEP (canonical, no change)"
https://rejuvera.sa/p/exclusive-offers,https://rejuvera.sa/p/exclusive-offers,200,yes,"KEEP (canonical, no change)"
https://rejuvera.sa/p/facelift-riyadh,https://rejuvera.sa/p/facelift-riyadh,200,yes,"KEEP (canonical, no change)"
https://rejuvera.sa/p/lipedema-riyadh,https://rejuvera.sa/p/lipedema-riyadh,200,yes,"KEEP (canonical, no change)"
https://rejuvera.sa/p/lp-face-neck-lift,https://rejuvera.sa/p/lp-face-neck-lift,200,yes,"KEEP (canonical, no change)"
https://rejuvera.sa/p/plastic-surgery-riyadh,https://rejuvera.sa/p/plastic-surgery-riyadh,200,yes,"KEEP (canonical, no change)"
https://rejuvera.sa/p/prof-bandar-alharthi,https://rejuvera.sa/p/prof-bandar-alharthi,200,yes,"KEEP (canonical, no change)"
https://rejuvera.sa/p/rejuvera-booking,https://rejuvera.sa/p/rejuvera-booking,200,yes,"KEEP (canonical, no change)"
https://rejuvera.sa/p/rejuvera-social-media,https://rejuvera.sa/p/rejuvera-social-media,200,yes,"KEEP (canonical, no change)"
https://rejuvera.sa/p/tiktok-customer,https://rejuvera.sa/p/tiktok-customer,200,yes,"KEEP (canonical, no change)"
https://rejuvera.sa/privacy,https://rejuvera.sa/privacy,200,yes,"KEEP (canonical, no change)"
https://rejuvera.sa/services,https://rejuvera.sa/services,200,yes,"KEEP (canonical, no change)"
https://rejuvera.sa/services/aesthetic-surgery,https://rejuvera.sa/services/aesthetic-surgery,200,yes,"KEEP (canonical, no change)"
https://rejuvera.sa/services/arm-lift,https://rejuvera.sa/services/arm-lift,200,yes,"KEEP (canonical, no change)"
https://rejuvera.sa/services/body-contouring,https://rejuvera.sa/services/body-contouring,200,yes,"KEEP (canonical, no change)"
https://rejuvera.sa/services/body-contouring-buttock-augmentation,https://rejuvera.sa/services/body-contouring-buttock-augmentation,200,yes,"KEEP (canonical, no change)"
https://rejuvera.sa/services/brazilian-butt-lift,https://rejuvera.sa/services/brazilian-butt-lift,200,yes,"KEEP (canonical, no change)"
https://rejuvera.sa/services/breast-augmentation-reshaping,https://rejuvera.sa/services/breast-augmentation-reshaping,200,yes,"KEEP (canonical, no change)"
https://rejuvera.sa/services/breast-implant-replacement,https://rejuvera.sa/services/breast-implant-replacement,200,yes,"KEEP (canonical, no change)"
https://rejuvera.sa/services/breast-reduction,https://rejuvera.sa/services/breast-reduction,200,yes,"KEEP (canonical, no change)"
https://rejuvera.sa/services/dermatology-consultation,https://rejuvera.sa/services/dermatology-consultation,200,yes,"KEEP (canonical, no change)"
https://rejuvera.sa/services/double-chin-liposuction,https://rejuvera.sa/services/double-chin-liposuction,200,yes,"KEEP (canonical, no change)"
https://rejuvera.sa/services/eyelid-lift-eye-rejuvenation,https://rejuvera.sa/services/eyelid-lift-eye-rejuvenation,200,yes,"KEEP (canonical, no change)"
https://rejuvera.sa/services/face-neck-lift,https://rejuvera.sa/services/face-neck-lift,200,yes,KEEP (canonical target for a known duplicate - see paired row)
https://rejuvera.sa/services/facial-contouring,https://rejuvera.sa/services/facial-contouring,200,yes,"KEEP (canonical, no change)"
https://rejuvera.sa/services/female-aesthetic-care,https://rejuvera.sa/services/female-aesthetic-care,200,yes,"KEEP (canonical, no change)"
https://rejuvera.sa/services/full-body-lift,https://rejuvera.sa/services/full-body-lift,200,yes,"KEEP (canonical, no change)"
https://rejuvera.sa/services/general-surgery-consultation,https://rejuvera.sa/services/general-surgery-consultation,200,yes,"KEEP (canonical, no change)"
https://rejuvera.sa/services/gynecomastia-surgery,https://rejuvera.sa/services/gynecomastia-surgery,200,yes,"KEEP (canonical, no change)"
https://rejuvera.sa/services/injectable-harmony,https://rejuvera.sa/services/injectable-harmony,200,yes,"KEEP (canonical, no change)"
https://rejuvera.sa/services/laser-hair-removal,https://rejuvera.sa/services/laser-hair-removal,200,yes,"KEEP (canonical, no change)"
https://rejuvera.sa/services/lipedema-treatment,https://rejuvera.sa/services/lipedema-treatment,200,yes,KEEP (canonical target for a known duplicate - see paired row)
https://rejuvera.sa/services/liposuction,https://rejuvera.sa/services/liposuction,200,yes,KEEP (canonical target for a known duplicate - see paired row)
https://rejuvera.sa/services/neck-lift-surgery,https://rejuvera.sa/services/neck-lift-surgery,200,yes,"KEEP (canonical, no change)"
https://rejuvera.sa/services/neurosurgery-spine-care,https://rejuvera.sa/services/neurosurgery-spine-care,200,yes,"KEEP (canonical, no change)"
https://rejuvera.sa/services/obgyn-care,https://rejuvera.sa/services/obgyn-care,200,yes,"KEEP (canonical, no change)"
https://rejuvera.sa/services/otoplasty,https://rejuvera.sa/services/otoplasty,200,yes,"KEEP (canonical, no change)"
https://rejuvera.sa/services/postpartum-vaginal-tightening,https://rejuvera.sa/services/postpartum-vaginal-tightening,200,yes,"KEEP (canonical, no change)"
https://rejuvera.sa/services/pregnancy-delivery-care,https://rejuvera.sa/services/pregnancy-delivery-care,200,yes,"KEEP (canonical, no change)"
https://rejuvera.sa/services/rhinoplasty,https://rejuvera.sa/services/rhinoplasty,200,yes,"KEEP (canonical, no change)"
https://rejuvera.sa/services/rhinoplasty-nose-reshaping,https://rejuvera.sa/services/rhinoplasty-nose-reshaping,200,yes,"KEEP (canonical, no change)"
https://rejuvera.sa/services/sagging-skin-tightening-surgery,https://rejuvera.sa/services/sagging-skin-tightening-surgery,200,yes,"KEEP (canonical, no change)"
https://rejuvera.sa/services/skin-rejuvenation,https://rejuvera.sa/services/skin-rejuvenation,200,yes,"KEEP (canonical, no change)"
https://rejuvera.sa/services/tummy-tuck,https://rejuvera.sa/services/tummy-tuck,200,yes,"KEEP (canonical, no change)"
https://rejuvera.sa/services/upper-lower-eyelid-surgery,https://rejuvera.sa/services/upper-lower-eyelid-surgery,200,yes,"KEEP (canonical, no change)"
https://rejuvera.sa/services/vaginal-rejuvenation,https://rejuvera.sa/services/vaginal-rejuvenation,200,yes,KEEP (canonical target for a known duplicate - see paired row)
https://rejuvera.sa/terms,https://rejuvera.sa/terms,200,yes,"KEEP (canonical, no change)"
https://rejuvera.sa/services/facelift-surgery,https://rejuvera.sa/services/facelift-surgery,200,yes,301 -> https://rejuvera.sa/services/face-neck-lift (BLOCKED pending manual DB merge+delete via /admin/services; duplicate-content: identical title/description to face-neck-lift; not in sitemap; not linked internally)
https://rejuvera.sa/services/vaginoplasty,https://rejuvera.sa/services/vaginoplasty,200,yes,301 -> https://rejuvera.sa/services/vaginal-rejuvenation (BLOCKED pending manual DB merge+delete via /admin/services; duplicate-content: identical title/description to vaginal-rejuvenation; not in sitemap; not linked internally)
https://rejuvera.sa/services/lipedema,https://rejuvera.sa/services/lipedema,200,yes,301 -> https://rejuvera.sa/services/lipedema-treatment (BLOCKED pending manual DB merge+delete via /admin/services; duplicate-content: identical title/description to lipedema-treatment; not in sitemap; not linked internally)
https://rejuvera.sa/services/Liposuction,https://rejuvera.sa/services/Liposuction,200,yes,"301 -> https://rejuvera.sa/services/liposuction (BLOCKED pending manual DB merge+delete via /admin/services; case-duplicate DB record (exact-match slug lookup confirmed in code); has nameEn populated, lowercase record is MISSING nameEn - merge before deleting)"
https://rejuvera.sa/services/breast-lift,,404,no,"CREATE (Phase 4 - service does not exist yet, currently 404)"
https://rejuvera.sa/services/thigh-lift,,404,no,"CREATE (Phase 4 - service does not exist yet, currently 404)"
https://rejuvera.sa/services/dermal-fillers,,404,no,"CREATE (Phase 4 - service does not exist yet, currently 404)"
https://rejuvera.sa/services/botox,,404,no,"CREATE (Phase 4 - service does not exist yet, currently 404)"
