url,http_status,canonical,indexable,redirect_hops,result,notes
https://rejuvera.sa/,200,https://rejuvera.sa,yes,0,PASS,
https://rejuvera.sa/about,200,https://rejuvera.sa/about,yes,0,PASS,
https://rejuvera.sa/contact,200,https://rejuvera.sa/contact,yes,0,PASS,
https://rejuvera.sa/devices,200,https://rejuvera.sa/devices,yes,0,PASS,
https://rejuvera.sa/doctors,200,https://rejuvera.sa/doctors,yes,0,PASS,
https://rejuvera.sa/doctors/ahmed-eldesouki,200,https://rejuvera.sa/doctors/ahmed-eldesouki,yes,0,PASS,
https://rejuvera.sa/doctors/bandar-alharthi,200,https://rejuvera.sa/doctors/bandar-alharthi,yes,0,PASS,
https://rejuvera.sa/doctors/dr-bayan-al-banna,200,https://rejuvera.sa/doctors/dr-bayan-al-banna,yes,0,PASS,
https://rejuvera.sa/doctors/dr-eid-ali-gomaa,200,https://rejuvera.sa/doctors/dr-eid-ali-gomaa,yes,0,PASS,
https://rejuvera.sa/doctors/falwah-aljanoubi,200,https://rejuvera.sa/doctors/falwah-aljanoubi,yes,0,PASS,
https://rejuvera.sa/doctors/karima-jamjoom,200,https://rejuvera.sa/doctors/karima-jamjoom,yes,0,PASS,
https://rejuvera.sa/doctors/loai-alsalmi,200,https://rejuvera.sa/doctors/loai-alsalmi,yes,0,PASS,
https://rejuvera.sa/doctors/maher-alahdab,200,https://rejuvera.sa/doctors/maher-alahdab,yes,0,PASS,
https://rejuvera.sa/doctors/najwa-batarfi,200,https://rejuvera.sa/doctors/najwa-batarfi,yes,0,PASS,
https://rejuvera.sa/doctors/natali-domloj,200,https://rejuvera.sa/doctors/natali-domloj,yes,0,PASS,
https://rejuvera.sa/doctors/sabah-alrashid,200,https://rejuvera.sa/doctors/sabah-alrashid,yes,0,PASS,
https://rejuvera.sa/doctors/saham-arfaj,200,https://rejuvera.sa/doctors/saham-arfaj,yes,0,PASS,
https://rejuvera.sa/gallery,200,https://rejuvera.sa/gallery,yes,0,PASS,
https://rejuvera.sa/journal,200,https://rejuvera.sa/journal,yes,0,PASS,
https://rejuvera.sa/journal/aesthetic-surgery-planning-riyadh,200,https://rejuvera.sa/journal/aesthetic-surgery-planning-riyadh,yes,0,PASS,
https://rejuvera.sa/journal/body-contouring-after-weight-loss,200,https://rejuvera.sa/journal/body-contouring-after-weight-loss,yes,0,PASS,
https://rejuvera.sa/journal/body-contouring-realistic-expectations,200,https://rejuvera.sa/journal/body-contouring-realistic-expectations,yes,0,PASS,
https://rejuvera.sa/journal/breast-augmentation-size-riyadh,200,https://rejuvera.sa/journal/breast-augmentation-size-riyadh,yes,0,PASS,
https://rejuvera.sa/journal/choose-plastic-surgeon-riyadh,200,https://rejuvera.sa/journal/choose-plastic-surgeon-riyadh,yes,0,PASS,
https://rejuvera.sa/journal/choosing-aesthetic-doctor-riyadh,200,https://rejuvera.sa/journal/choosing-aesthetic-doctor-riyadh,yes,0,PASS,
https://rejuvera.sa/journal/dr-eman-alzahrani-joins-rejuvera,200,https://rejuvera.sa/journal/dr-eman-alzahrani-joins-rejuvera,yes,0,PASS,
https://rejuvera.sa/journal/dr-loai-alsalmi-natural-balanced-aesthetic-results,200,https://rejuvera.sa/journal/dr-loai-alsalmi-natural-balanced-aesthetic-results,yes,0,PASS,
https://rejuvera.sa/journal/early-face-sagging-causes-treatment,200,https://rejuvera.sa/journal/early-face-sagging-causes-treatment,yes,0,PASS,
https://rejuvera.sa/journal/face-neck-lift-threads-fillers,200,https://rejuvera.sa/journal/face-neck-lift-threads-fillers,yes,0,PASS,
https://rejuvera.sa/journal/facelift-body-contouring-results-recovery,200,https://rejuvera.sa/journal/facelift-body-contouring-results-recovery,yes,0,PASS,
https://rejuvera.sa/journal/injectables-trust-framework,200,https://rejuvera.sa/journal/injectables-trust-framework,yes,0,PASS,
https://rejuvera.sa/journal/laser-readiness-checklist,200,https://rejuvera.sa/journal/laser-readiness-checklist,yes,0,PASS,
https://rejuvera.sa/journal/liposuction-vs-body-contouring,200,https://rejuvera.sa/journal/liposuction-vs-body-contouring,yes,0,PASS,
https://rejuvera.sa/journal/prepare-for-aesthetic-consultation,200,https://rejuvera.sa/journal/prepare-for-aesthetic-consultation,yes,0,PASS,
https://rejuvera.sa/journal/prp-hair-skin-before-treatment,200,https://rejuvera.sa/journal/prp-hair-skin-before-treatment,yes,0,PASS,
https://rejuvera.sa/journal/questions-before-aesthetic-surgery,200,https://rejuvera.sa/journal/questions-before-aesthetic-surgery,yes,0,PASS,
https://rejuvera.sa/journal/rhinoplasty-face-balance,200,https://rejuvera.sa/journal/rhinoplasty-face-balance,yes,0,PASS,
https://rejuvera.sa/journal/skin-renewal-timing,200,https://rejuvera.sa/journal/skin-renewal-timing,yes,0,PASS,
https://rejuvera.sa/journal/skin-tightening-options-guide,200,https://rejuvera.sa/journal/skin-tightening-options-guide,yes,0,PASS,
https://rejuvera.sa/journal/tummy-tuck-after-pregnancy-weight-loss,200,https://rejuvera.sa/journal/tummy-tuck-after-pregnancy-weight-loss,yes,0,PASS,
https://rejuvera.sa/p/body-contouring-riyadh,200,https://rejuvera.sa/p/body-contouring-riyadh,yes,0,PASS,
https://rejuvera.sa/p/body-pro,200,https://rejuvera.sa/p/body-pro,yes,0,PASS,
https://rejuvera.sa/p/breast-surgery-riyadh,200,https://rejuvera.sa/p/breast-surgery-riyadh,yes,0,PASS,
https://rejuvera.sa/p/derma-offers,200,https://rejuvera.sa/p/derma-offers,yes,0,PASS,
https://rejuvera.sa/p/dr-eman-alzahrani,200,https://rejuvera.sa/p/dr-eman-alzahrani,yes,0,PASS,
https://rejuvera.sa/p/dr-maher-alahdab,200,https://rejuvera.sa/p/dr-maher-alahdab,yes,0,PASS,
https://rejuvera.sa/p/eid-offers,200,https://rejuvera.sa/p/eid-offers,yes,0,PASS,
https://rejuvera.sa/p/exclusive-offers,200,https://rejuvera.sa/p/exclusive-offers,yes,0,PASS,
https://rejuvera.sa/p/facelift-riyadh,200,https://rejuvera.sa/p/facelift-riyadh,yes,0,PASS,
https://rejuvera.sa/p/lipedema-riyadh,200,https://rejuvera.sa/p/lipedema-riyadh,yes,0,PASS,
https://rejuvera.sa/p/lp-face-neck-lift,200,https://rejuvera.sa/p/lp-face-neck-lift,yes,0,PASS,
https://rejuvera.sa/p/plastic-surgery-riyadh,200,https://rejuvera.sa/p/plastic-surgery-riyadh,yes,0,PASS,
https://rejuvera.sa/p/prof-bandar-alharthi,200,https://rejuvera.sa/p/prof-bandar-alharthi,yes,0,PASS,
https://rejuvera.sa/p/rejuvera-booking,200,https://rejuvera.sa/p/rejuvera-booking,yes,0,PASS,
https://rejuvera.sa/p/rejuvera-social-media,200,https://rejuvera.sa/p/rejuvera-social-media,yes,0,PASS,
https://rejuvera.sa/p/tiktok-customer,200,https://rejuvera.sa/p/tiktok-customer,yes,0,PASS,
https://rejuvera.sa/privacy,200,https://rejuvera.sa/privacy,yes,0,PASS,
https://rejuvera.sa/services,200,https://rejuvera.sa/services,yes,0,PASS,
https://rejuvera.sa/services/aesthetic-surgery,200,https://rejuvera.sa/services/aesthetic-surgery,yes,0,PASS,
https://rejuvera.sa/services/arm-lift,200,https://rejuvera.sa/services/arm-lift,yes,0,PASS,
https://rejuvera.sa/services/body-contouring,200,https://rejuvera.sa/services/body-contouring,yes,0,PASS,
https://rejuvera.sa/services/body-contouring-buttock-augmentation,200,https://rejuvera.sa/services/body-contouring-buttock-augmentation,yes,0,PASS,
https://rejuvera.sa/services/botox,200,https://rejuvera.sa/services/botox,yes,0,PASS,
https://rejuvera.sa/services/brazilian-butt-lift,200,https://rejuvera.sa/services/brazilian-butt-lift,yes,0,PASS,
https://rejuvera.sa/services/breast-augmentation-reshaping,200,https://rejuvera.sa/services/breast-augmentation-reshaping,yes,0,PASS,
https://rejuvera.sa/services/breast-implant-replacement,200,https://rejuvera.sa/services/breast-implant-replacement,yes,0,PASS,
https://rejuvera.sa/services/breast-lift,200,https://rejuvera.sa/services/breast-lift,yes,0,PASS,
https://rejuvera.sa/services/breast-reduction,200,https://rejuvera.sa/services/breast-reduction,yes,0,PASS,
https://rejuvera.sa/services/dermal-fillers,200,https://rejuvera.sa/services/dermal-fillers,yes,0,PASS,
https://rejuvera.sa/services/dermatology-consultation,200,https://rejuvera.sa/services/dermatology-consultation,yes,0,PASS,
https://rejuvera.sa/services/double-chin-liposuction,200,https://rejuvera.sa/services/double-chin-liposuction,yes,0,PASS,
https://rejuvera.sa/services/eyelid-lift-eye-rejuvenation,200,https://rejuvera.sa/services/eyelid-lift-eye-rejuvenation,yes,0,PASS,
https://rejuvera.sa/services/face-neck-lift,200,https://rejuvera.sa/services/face-neck-lift,yes,0,PASS,
https://rejuvera.sa/services/facial-contouring,200,https://rejuvera.sa/services/facial-contouring,yes,0,PASS,
https://rejuvera.sa/services/female-aesthetic-care,200,https://rejuvera.sa/services/female-aesthetic-care,yes,0,PASS,
https://rejuvera.sa/services/full-body-lift,200,https://rejuvera.sa/services/full-body-lift,yes,0,PASS,
https://rejuvera.sa/services/general-surgery-consultation,200,https://rejuvera.sa/services/general-surgery-consultation,yes,0,PASS,
https://rejuvera.sa/services/gynecomastia-surgery,200,https://rejuvera.sa/services/gynecomastia-surgery,yes,0,PASS,
https://rejuvera.sa/services/injectable-harmony,200,https://rejuvera.sa/services/injectable-harmony,yes,0,PASS,
https://rejuvera.sa/services/laser-hair-removal,200,https://rejuvera.sa/services/laser-hair-removal,yes,0,PASS,
https://rejuvera.sa/services/lipedema-treatment,200,https://rejuvera.sa/services/lipedema-treatment,yes,0,PASS,
https://rejuvera.sa/services/liposuction,200,https://rejuvera.sa/services/liposuction,yes,0,PASS,
https://rejuvera.sa/services/neck-lift-surgery,200,https://rejuvera.sa/services/neck-lift-surgery,yes,0,PASS,
https://rejuvera.sa/services/neurosurgery-spine-care,200,https://rejuvera.sa/services/neurosurgery-spine-care,yes,0,PASS,
https://rejuvera.sa/services/obgyn-care,200,https://rejuvera.sa/services/obgyn-care,yes,0,PASS,
https://rejuvera.sa/services/otoplasty,200,https://rejuvera.sa/services/otoplasty,yes,0,PASS,
https://rejuvera.sa/services/postpartum-vaginal-tightening,200,https://rejuvera.sa/services/postpartum-vaginal-tightening,yes,0,PASS,
https://rejuvera.sa/services/pregnancy-delivery-care,200,https://rejuvera.sa/services/pregnancy-delivery-care,yes,0,PASS,
https://rejuvera.sa/services/rhinoplasty,200,https://rejuvera.sa/services/rhinoplasty,yes,0,PASS,
https://rejuvera.sa/services/rhinoplasty-nose-reshaping,200,https://rejuvera.sa/services/rhinoplasty-nose-reshaping,yes,0,PASS,
https://rejuvera.sa/services/sagging-skin-tightening-surgery,200,https://rejuvera.sa/services/sagging-skin-tightening-surgery,yes,0,PASS,
https://rejuvera.sa/services/skin-rejuvenation,200,https://rejuvera.sa/services/skin-rejuvenation,yes,0,PASS,
https://rejuvera.sa/services/thigh-lift,200,https://rejuvera.sa/services/thigh-lift,yes,0,PASS,
https://rejuvera.sa/services/tummy-tuck,200,https://rejuvera.sa/services/tummy-tuck,yes,0,PASS,
https://rejuvera.sa/services/upper-lower-eyelid-surgery,200,https://rejuvera.sa/services/upper-lower-eyelid-surgery,yes,0,PASS,
https://rejuvera.sa/services/vaginal-rejuvenation,200,https://rejuvera.sa/services/vaginal-rejuvenation,yes,0,PASS,
https://rejuvera.sa/terms,200,https://rejuvera.sa/terms,yes,0,PASS,
